{
    "joueur": [
        {
        "id": 1,
        "equipe": 1,
        "chef": true,
        "position": [44.48293532782635,4.689842462539674],
        "capa": 1000,
        "orientation": 0.0,
        "etat": "TIR",
        "duree": 5
        },
        {
        "id": 2,
        "equipe": 1,
        "chef": false,
        "position": [44.482818,4.690566],
        "capa": 500,
        "orientation": 315.1,
        "etat": "ASSAUT",
        "duree": 18
        },
        {
        "id": 3,
        "equipe": 1,
        "chef": false,
        "position": [44.48245691420858,4.690250158309937],
        "capa": 100,
        "orientation": 140.8,
        "etat": "RECUPERATION",
        "duree": 26
        },
        {
        "id": 4,
        "equipe": 1,
        "chef": false,
        "position": [44.482965,4.690107],
        "capa": 789,
        "orientation": 272.1,
        "etat": "OBSERVATION",
        "duree": 82
        },
        {
        "id": 5,
        "equipe": 2,
        "chef": true,
        "position": [44.48324151048279,4.690035581588746],
        "capa": 400,
        "orientation": 164.9,
        "etat": "PROTECTION",
        "duree": 41
        },
        {
        "id": 6,
        "equipe": 2,
        "chef": false,
        "position": [44.48272482631786,4.690319895744325],
        "capa": 900,
        "orientation": 88.3,
        "etat": "OBSERVATION",
        "duree": 35
        },
        {
        "id": 7,
        "equipe": 2,
        "chef": false,
        "position": [44.48282050891586,4.690716862678529],
        "capa": 1000,
        "orientation": 197.6,
        "etat": "NEUTRE",
        "duree": 14
        },
        {
        "id": 8,
        "equipe": 2,
        "chef": false,
        "position": [44.483258,4.689874],
        "capa": 351,
        "orientation": 183.5,
        "etat": "TIR",
        "duree": 2
        }
    ],
    "qg": [
        {
        "equipe": 1,
        "position": [44.48213159070756,4.690335988998414],
        "capa": 667
        },
        {
        "equipe": 2,
        "position": [44.48349410996465,4.689912199974061],
        "capa": 418
        }
    ],
    "batterie": [
        {
        "id": 1,
        "equipe": 1,
        "position": [44.48257173383465,4.690046310424806],
        "capa": 222
        },
        {
        "id": 2,
        "equipe": 0,
        "position": [44.48283199081708,4.690652489662171],
        "capa": 475
        },
        {
        "id": 3,
        "equipe": 2,
        "position": [44.482912364062315,4.690105319023133],
        "capa": 888
        }
    ]
}